"Gerencia De Manejo del Fuego, Diciembre 2022",,,,
Año,Entidad Federativa,Cantidad de Incendios Forestales,Superficie quemada en ha,Región
1970,Chihuahua,301,50088,Norte
1970,Chiapas,97,15395,Sureste
1970,Guanajuato,10,12801,Occidente
1970,México,906,11514,Centro
1970,Oaxaca,106,9516,Centro
1970,Jalisco,239,9396,Occidente
1970,Michoacán,550,8721,Occidente
1970,Tamaulipas,3,7945,Noreste
1970,Puebla,560,7846,Centro
1970,Baja California,43,7584,Noroeste
1970,Nayarit,39,6288,Occidente
1970,Durango,166,5247,Norte
1970,Guerrero,77,5236,Centro
1970,Tlaxcala,126,5185,Centro
1970,Ciudad de México,664,4699,Centro
1970,Hidalgo,99,3345,Centro
1970,Morelos,511,3103,Centro
1970,Sinaloa,16,3061,Noroeste
1970,Coahuila,10,2645,Noreste
1970,Zacatecas,11,1317,Occidente
1970,Veracruz,164,641,Centro
1970,San Luis Potosí,14,526,Occidente
1970,Nuevo León,11,359,Noreste
1970,Querétaro,12,324,Centro
1970,Aguascalientes,4,167,Occidente
1970,Colima,3,110,Occidente
1970,Quintana Roo,3,83,Sureste
1970,Yucatán,5,63,Sureste
1970,Baja California Sur,1,2,Noroeste
1970,Campeche,0,0,Sureste
1970,Sonora,0,0,Noroeste
1970,Tabasco,0,0,Sureste
1971,Nuevo León,55,24585,Noreste
1971,Chihuahua,333,21900,Norte
1971,Tamaulipas,26,20758,Noreste
1971,San Luis Potosí,77,17221,Occidente
1971,Coahuila,35,16767,Noreste
1971,Jalisco,297,11737,Occidente
1971,México,1147,9714,Centro
1971,Durango,267,7444,Norte
1971,Puebla,464,6952,Centro
1971,Guerrero,76,6345,Centro
1971,Oaxaca,59,6158,Centro
1971,Michoacán,430,5685,Occidente
1971,Sonora,15,5162,Noroeste
1971,Sinaloa,29,4225,Noroeste
1971,Tlaxcala,190,3490,Centro
1971,Chiapas,119,3427,Sureste
1971,Baja California,21,2886,Noroeste
1971,Ciudad de México,472,2658,Centro
1971,Zacatecas,18,2062,Occidente
1971,Morelos,411,1927,Centro
1971,Aguascalientes,10,1578,Occidente
1971,Hidalgo,135,1423,Centro
1971,Nayarit,22,1398,Occidente
1971,Querétaro,13,1056,Centro
1971,Yucatán,12,744,Sureste
1971,Veracruz,131,706,Centro
1971,Campeche,9,391,Sureste
1971,Guanajuato,8,364,Occidente
1971,Colima,8,99,Occidente
1971,Baja California Sur,0,0,Noroeste
1971,Quintana Roo,0,0,Sureste
1971,Tabasco,0,0,Sureste
1972,Durango,97,30000,Norte
1972,Coahuila,4,24121,Noreste
1972,Jalisco,113,20447,Occidente
1972,Baja California,10,10963,Noroeste
1972,Sonora,7,10548,Noroeste
1972,Chihuahua,281,9252,Norte
1972,México,980,8014,Centro
1972,Michoacán,268,4558,Occidente
1972,Sinaloa,23,3160,Noroeste
1972,Campeche,30,2751,Sureste
1972,Ciudad de México,419,2295,Centro
1972,Aguascalientes,21,2214,Occidente
1972,Nayarit,21,2085,Occidente
1972,Morelos,340,1568,Centro
1972,Guerrero,78,1408,Centro
1972,Chiapas,75,1374,Sureste
1972,Puebla,224,1278,Centro
1972,Tlaxcala,111,1197,Centro
1972,Oaxaca,36,827,Centro
1972,Veracruz,104,354,Centro
1972,Zacatecas,10,282,Occidente
1972,Hidalgo,60,277,Centro
1972,Colima,11,205,Occidente
1972,Yucatán,10,143,Sureste
1972,Nuevo León,7,141,Noreste
1972,San Luis Potosí,6,104,Occidente
1972,Querétaro,11,98,Centro
1972,Guanajuato,2,50,Occidente
1972,Tabasco,1,27,Sureste
1972,Tamaulipas,1,5,Noreste
1972,Baja California Sur,0,0,Noroeste
1972,Quintana Roo,0,0,Sureste
1973,Chiapas,229,20151,Sureste
1973,Baja California,21,18171,Noroeste
1973,México,1186,14565,Centro
1973,Oaxaca,110,11545,Centro
1973,Coahuila,14,6619,Noreste
1973,Michoacán,294,6552,Occidente
1973,Durango,154,6480,Norte
1973,San Luis Potosí,31,5695,Occidente
1973,Jalisco,222,5216,Occidente
1973,Veracruz,210,4481,Centro
1973,Campeche,19,3966,Sureste
1973,Puebla,422,3224,Centro
1973,Ciudad de México,599,2986,Centro
1973,Hidalgo,183,2442,Centro
1973,Chihuahua,86,2325,Norte
1973,Morelos,501,1923,Centro
1973,Aguascalientes,21,1824,Occidente
1973,Tlaxcala,142,1630,Centro
1973,Nuevo León,20,1398,Noreste
1973,Sonora,10,1219,Noroeste
1973,Sinaloa,23,1025,Noroeste
1973,Nayarit,14,993,Occidente
1973,Baja California Sur,8,800,Noroeste
1973,Zacatecas,10,576,Occidente
1973,Querétaro,14,507,Centro
1973,Guanajuato,17,412,Occidente
1973,Guerrero,30,290,Centro
1973,Yucatán,6,135,Sureste
1973,Colima,3,38,Occidente
1973,Tamaulipas,2,28,Noreste
1973,Quintana Roo,0,0,Sureste
1973,Tabasco,0,0,Sureste
1974,Coahuila,35,33688,Noreste
1974,Chihuahua,359,23151,Norte
1974,Baja California,19,14618,Noroeste
1974,Durango,345,13926,Norte
1974,Sonora,16,11215,Noroeste
1974,Jalisco,327,8272,Occidente
1974,Chiapas,153,6823,Sureste
1974,Oaxaca,80,5098,Centro
1974,México,1107,4997,Centro
1974,Sinaloa,36,4758,Noroeste
1974,Michoacán,372,3831,Occidente
1974,Ciudad de México,673,2967,Centro
1974,Tamaulipas,9,2645,Noreste
1974,Quintana Roo,11,2538,Sureste
1974,Nuevo León,17,2202,Noreste
1974,Puebla,495,1957,Centro
1974,Aguascalientes,16,1892,Occidente
1974,Nayarit,30,1770,Occidente
1974,San Luis Potosí,14,1750,Occidente
1974,Morelos,538,1640,Centro
1974,Zacatecas,11,1640,Occidente
1974,Guerrero,77,1632,Centro
1974,Tlaxcala,134,1193,Centro
1974,Guanajuato,16,848,Occidente
1974,Campeche,42,724,Sureste
1974,Veracruz,82,326,Centro
1974,Hidalgo,76,293,Centro
1974,Colima,7,156,Occidente
1974,Yucatán,7,141,Sureste
1974,Querétaro,10,108,Centro
1974,Baja California Sur,0,0,Noroeste
1974,Tabasco,0,0,Sureste
1975,Quintana Roo,80,97655,Sureste
1975,Chiapas,347,24804,Sureste
1975,Jalisco,339,24767,Occidente
1975,Coahuila,43,19074,Noreste
1975,México,1458,8864,Centro
1975,Michoacán,561,8353,Occidente
1975,Chihuahua,303,7732,Norte
1975,Durango,251,7456,Norte
1975,Nuevo León,32,6434,Noreste
1975,Nayarit,45,4364,Occidente
1975,Oaxaca,133,4168,Centro
1975,Puebla,631,4086,Centro
1975,Ciudad de México,946,4027,Centro
1975,Tamaulipas,28,3708,Noreste
1975,Guanajuato,31,3481,Occidente
1975,Morelos,756,3275,Centro
1975,Guerrero,107,3144,Centro
1975,Baja California,10,2212,Noroeste
1975,Tabasco,5,2100,Sureste
1975,Sinaloa,48,2016,Noroeste
1975,Tlaxcala,204,1981,Centro
1975,San Luis Potosí,14,1752,Occidente
1975,Campeche,37,1163,Sureste
1975,Hidalgo,145,932,Centro
1975,Veracruz,137,748,Centro
1975,Aguascalientes,9,550,Occidente
1975,Colima,9,329,Occidente
1975,Querétaro,26,197,Centro
1975,Yucatán,13,174,Sureste
1975,Zacatecas,9,116,Occidente
1975,Baja California Sur,0,0,Noroeste
1975,Sonora,0,0,Noroeste
1976,Chiapas,449,22712,Sureste
1976,Michoacán,717,22465,Occidente
1976,Jalisco,446,20292,Occidente
1976,Durango,324,11906,Norte
1976,Chihuahua,371,9633,Norte
1976,México,1569,8050,Centro
1976,Nayarit,54,4746,Occidente
1976,Ciudad de México,650,2885,Centro
1976,Guerrero,93,2772,Centro
1976,Sonora,6,2678,Noroeste
1976,Morelos,711,2408,Centro
1976,Coahuila,17,1880,Noreste
1976,Tlaxcala,179,1736,Centro
1976,Oaxaca,97,1565,Centro
1976,Sinaloa,42,1489,Noroeste
1976,Nuevo León,15,1409,Noreste
1976,Puebla,320,1377,Centro
1976,Zacatecas,16,1062,Occidente
1976,Aguascalientes,5,818,Occidente
1976,Hidalgo,160,808,Centro
1976,San Luis Potosí,28,636,Occidente
1976,Tamaulipas,3,635,Noreste
1976,Colima,16,614,Occidente
1976,Guanajuato,29,564,Occidente
1976,Yucatán,20,455,Sureste
1976,Campeche,4,445,Sureste
1976,Veracruz,71,260,Centro
1976,Baja California,19,169,Noroeste
1976,Querétaro,13,102,Centro
1976,Baja California Sur,4,89,Noroeste
1976,Quintana Roo,0,0,Sureste
1976,Tabasco,0,0,Sureste
1977,Chiapas,161,16327,Sureste
1977,Jalisco,262,8897,Occidente
1977,Chihuahua,447,7822,Norte
1977,México,1044,6369,Centro
1977,Michoacán,488,5324,Occidente
1977,Nayarit,66,4867,Occidente
1977,Oaxaca,128,4408,Centro
1977,Ciudad de México,733,3386,Centro
1977,Tlaxcala,112,2222,Centro
1977,Morelos,438,1982,Centro
1977,Guerrero,82,1699,Centro
1977,Puebla,264,1644,Centro
1977,Baja California Sur,5,1504,Noroeste
1977,Hidalgo,159,1410,Centro
1977,Coahuila,18,1154,Noreste
1977,Veracruz,208,954,Centro
1977,Sonora,7,801,Noroeste
1977,Durango,77,784,Norte
1977,Zacatecas,9,670,Occidente
1977,Tamaulipas,2,630,Noreste
1977,Nuevo León,9,525,Noreste
1977,Baja California,12,408,Noroeste
1977,Guanajuato,5,220,Occidente
1977,Sinaloa,6,218,Noroeste
1977,San Luis Potosí,13,215,Occidente
1977,Yucatán,3,74,Sureste
1977,Colima,1,30,Occidente
1977,Aguascalientes,4,26,Occidente
1977,Querétaro,4,15,Centro
1977,Campeche,0,0,Sureste
1977,Quintana Roo,0,0,Sureste
1977,Tabasco,0,0,Sureste
1978,Coahuila,14,53603,Noreste
1978,Tabasco,2,28035,Sureste
1978,Jalisco,450,27257,Occidente
1978,Durango,139,17088,Norte
1978,Michoacán,756,12149,Occidente
1978,Chiapas,168,7710,Sureste
1978,México,1178,6556,Centro
1978,Guerrero,102,4416,Centro
1978,Oaxaca,98,3479,Centro
1978,Sinaloa,67,3464,Noroeste
1978,Nuevo León,13,3450,Noreste
1978,Ciudad de México,688,3309,Centro
1978,Morelos,642,2729,Centro
1978,Tamaulipas,7,2650,Noreste
1978,Nayarit,39,2384,Occidente
1978,Puebla,428,2354,Centro
1978,Chihuahua,214,2255,Norte
1978,Tlaxcala,144,2198,Centro
1978,Zacatecas,12,1174,Occidente
1978,Veracruz,88,960,Centro
1978,San Luis Potosí,14,958,Occidente
1978,Guanajuato,27,915,Occidente
1978,Hidalgo,55,838,Centro
1978,Baja California,5,527,Noroeste
1978,Sonora,1,450,Noroeste
1978,Querétaro,21,233,Centro
1978,Yucatán,9,156,Sureste
1978,Colima,1,90,Occidente
1978,Aguascalientes,3,67,Occidente
1978,Baja California Sur,2,2,Noroeste
1978,Campeche,0,0,Sureste
1978,Quintana Roo,0,0,Sureste
1979,Jalisco,416,53486,Occidente
1979,Nayarit,42,18702,Occidente
1979,Michoacán,656,10092,Occidente
1979,Baja California,93,9427,Noroeste
1979,México,1283,9186,Centro
1979,Chihuahua,145,7117,Norte
1979,Durango,229,6061,Norte
1979,Chiapas,145,5731,Sureste
1979,Ciudad de México,691,3911,Centro
1979,Oaxaca,136,3143,Centro
1979,Morelos,443,2947,Centro
1979,Puebla,407,2012,Centro
1979,Guerrero,141,1906,Centro
1979,Tamaulipas,6,1615,Noreste
1979,Sonora,7,1495,Noroeste
1979,Coahuila,16,1287,Noreste
1979,San Luis Potosí,9,1216,Occidente
1979,Tlaxcala,133,1105,Centro
1979,Hidalgo,86,729,Centro
1979,Sinaloa,34,655,Noroeste
1979,Colima,13,423,Occidente
1979,Veracruz,26,417,Centro
1979,Aguascalientes,15,384,Occidente
1979,Nuevo León,11,275,Noreste
1979,Zacatecas,7,274,Occidente
1979,Querétaro,14,126,Centro
1979,Guanajuato,12,120,Occidente
1979,Yucatán,1,5,Sureste
1979,Baja California Sur,0,0,Noroeste
1979,Campeche,0,0,Sureste
1979,Quintana Roo,0,0,Sureste
1979,Tabasco,0,0,Sureste
1980,Chihuahua,519,36336,Norte
1980,Tamaulipas,1,12300,Noreste
1980,Jalisco,195,11912,Occidente
1980,Chiapas,199,10348,Sureste
1980,Durango,116,6736,Norte
1980,Sonora,8,5325,Noroeste
1980,Michoacán,678,3891,Occidente
1980,Sinaloa,54,3760,Noroeste
1980,Nayarit,61,3235,Occidente
1980,Ciudad de México,636,2588,Centro
1980,México,746,2528,Centro
1980,Oaxaca,131,2005,Centro
1980,Coahuila,6,1907,Noreste
1980,Puebla,265,1842,Centro
1980,Nuevo León,20,1370,Noreste
1980,Morelos,279,969,Centro
1980,Tlaxcala,122,773,Centro
1980,Hidalgo,64,714,Centro
1980,Colima,13,593,Occidente
1980,San Luis Potosí,15,499,Occidente
1980,Guerrero,55,400,Centro
1980,Veracruz,36,384,Centro
1980,Zacatecas,11,131,Occidente
1980,Yucatán,4,89,Sureste
1980,Querétaro,6,55,Centro
1980,Aguascalientes,1,15,Occidente
1980,Guanajuato,1,4,Occidente
1980,Baja California,0,0,Noroeste
1980,Baja California Sur,0,0,Noroeste
1980,Campeche,0,0,Sureste
1980,Quintana Roo,0,0,Sureste
1980,Tabasco,0,0,Sureste
1981,Jalisco,202,19057,Occidente
1981,Oaxaca,139,8608,Centro
1981,Michoacán,729,6822,Occidente
1981,Durango,195,6522,Norte
1981,Baja California,89,6240,Noroeste
1981,Sonora,23,4711,Noroeste
1981,Guerrero,120,3651,Centro
1981,Chiapas,90,1941,Sureste
1981,Nayarit,50,1632,Occidente
1981,Ciudad de México,345,1393,Centro
1981,Morelos,320,1247,Centro
1981,Quintana Roo,4,1190,Sureste
1981,México,176,1003,Centro
1981,Chihuahua,84,895,Norte
1981,Tlaxcala,33,443,Centro
1981,Colima,10,332,Occidente
1981,Tabasco,5,273,Sureste
1981,Puebla,51,262,Centro
1981,Sinaloa,8,249,Noroeste
1981,Coahuila,1,240,Noreste
1981,Hidalgo,34,200,Centro
1981,San Luis Potosí,2,103,Occidente
1981,Yucatán,5,85,Sureste
1981,Veracruz,9,68,Centro
1981,Querétaro,9,24,Centro
1981,Nuevo León,3,13,Noreste
1981,Guanajuato,2,10,Occidente
1981,Baja California Sur,1,9,Noroeste
1981,Campeche,1,5,Sureste
1981,Aguascalientes,0,0,Occidente
1981,Tamaulipas,0,0,Noreste
1981,Zacatecas,0,0,Occidente
1982,Jalisco,282,25210,Occidente
1982,Durango,434,22043,Norte
1982,Chihuahua,411,10707,Norte
1982,Sinaloa,83,9992,Noroeste
1982,Baja California,57,7272,Noroeste
1982,Coahuila,37,7177,Noreste
1982,México,1714,6879,Centro
1982,Sonora,14,6855,Noroeste
1982,Tamaulipas,7,6038,Noreste
1982,Michoacán,667,5817,Occidente
1982,Chiapas,95,4173,Sureste
1982,Zacatecas,26,3586,Occidente
1982,Ciudad de México,537,3371,Centro
1982,Morelos,462,3278,Centro
1982,Tlaxcala,188,2471,Centro
1982,Oaxaca,120,2404,Centro
1982,Nayarit,52,2169,Occidente
1982,Hidalgo,112,1689,Centro
1982,Guerrero,70,1611,Centro
1982,San Luis Potosí,19,1138,Occidente
1982,Aguascalientes,4,1050,Occidente
1982,Veracruz,59,865,Centro
1982,Puebla,92,663,Centro
1982,Guanajuato,23,486,Occidente
1982,Nuevo León,17,483,Noreste
1982,Colima,6,103,Occidente
1982,Yucatán,5,99,Sureste
1982,Baja California Sur,1,20,Noroeste
1982,Tabasco,1,12,Sureste
1982,Querétaro,4,8,Centro
1982,Campeche,0,0,Sureste
1982,Quintana Roo,0,0,Sureste
1983,Jalisco,370,48588,Occidente
1983,México,1744,27793,Centro
1983,Michoacán,824,18786,Occidente
1983,Puebla,394,18620,Centro
1983,Durango,172,16562,Norte
1983,Baja California,17,16038,Noroeste
1983,Guerrero,151,12019,Centro
1983,Ciudad de México,684,11550,Centro
1983,San Luis Potosí,55,10845,Occidente
1983,Zacatecas,26,9254,Occidente
1983,Tamaulipas,13,8931,Noreste
1983,Chiapas,197,7898,Sureste
1983,Hidalgo,229,7755,Centro
1983,Chihuahua,121,7710,Norte
1983,Oaxaca,38,6984,Centro
1983,Tlaxcala,201,6875,Centro
1983,Nayarit,28,6007,Occidente
1983,Coahuila,11,5487,Noreste
1983,Morelos,349,5387,Centro
1983,Sonora,15,5338,Noroeste
1983,Guanajuato,9,3570,Occidente
1983,Nuevo León,17,2291,Noreste
1983,Sinaloa,61,1998,Noroeste
1983,Veracruz,60,1798,Centro
1983,Quintana Roo,266,1600,Sureste
1983,Tabasco,16,1094,Sureste
1983,Querétaro,8,661,Centro
1983,Colima,7,452,Occidente
1983,Aguascalientes,1,71,Occidente
1983,Yucatán,3,38,Sureste
1983,Baja California Sur,0,0,Noroeste
1983,Campeche,0,0,Sureste
1984,Chiapas,426,50206,Sureste
1984,San Luis Potosí,62,29033,Occidente
1984,Jalisco,258,20955,Occidente
1984,Nayarit,116,20494,Occidente
1984,Tamaulipas,42,20335,Noreste
1984,Durango,308,12845,Norte
1984,Chihuahua,318,12435,Norte
1984,México,2132,11245,Centro
1984,Oaxaca,111,10171,Centro
1984,Michoacán,860,9993,Occidente
1984,Nuevo León,32,9366,Noreste
1984,Coahuila,36,8115,Noreste
1984,Veracruz,98,2437,Centro
1984,Guerrero,130,2089,Centro
1984,Ciudad de México,328,1984,Centro
1984,Zacatecas,7,1795,Occidente
1984,Morelos,223,1620,Centro
1984,Tlaxcala,157,1602,Centro
1984,Baja California,32,1547,Noroeste
1984,Puebla,140,1280,Centro
1984,Sonora,5,1280,Noroeste
1984,Baja California Sur,7,1112,Noroeste
1984,Quintana Roo,115,700,Sureste
1984,Hidalgo,87,600,Centro
1984,Tabasco,3,600,Sureste
1984,Guanajuato,11,524,Occidente
1984,Sinaloa,29,429,Noroeste
1984,Querétaro,12,338,Centro
1984,Aguascalientes,6,330,Occidente
1984,Colima,19,318,Occidente
1984,Yucatán,10,254,Sureste
1984,Campeche,0,0,Sureste
1985,Baja California,16,65689,Noroeste
1985,Chiapas,464,21758,Sureste
1985,Nayarit,81,9339,Occidente
1985,Jalisco,232,9251,Occidente
1985,Michoacán,527,6289,Occidente
1985,Guerrero,169,5723,Centro
1985,Chihuahua,269,5657,Norte
1985,Sonora,22,5024,Noroeste
1985,México,1369,4204,Centro
1985,Zacatecas,13,3021,Occidente
1985,Oaxaca,112,2966,Centro
1985,Sinaloa,61,2710,Noroeste
1985,Coahuila,7,1390,Noreste
1985,Colima,15,1103,Occidente
1985,Ciudad de México,196,1092,Centro
1985,Durango,38,1049,Norte
1985,Puebla,221,874,Centro
1985,Morelos,231,845,Centro
1985,Nuevo León,13,669,Noreste
1985,Aguascalientes,8,654,Occidente
1985,Yucatán,2,644,Sureste
1985,Tamaulipas,3,605,Noreste
1985,Tlaxcala,112,502,Centro
1985,Veracruz,52,318,Centro
1985,Tabasco,2,259,Sureste
1985,Baja California Sur,12,182,Noroeste
1985,Quintana Roo,91,130,Sureste
1985,Hidalgo,34,120,Centro
1985,San Luis Potosí,1,60,Occidente
1985,Guanajuato,7,54,Occidente
1985,Querétaro,6,43,Centro
1985,Campeche,0,0,Sureste
1986,Chiapas,530,43509,Sureste
1986,Durango,365,37556,Norte
1986,Oaxaca,180,29563,Centro
1986,México,3203,17590,Centro
1986,Tamaulipas,18,15322,Noreste
1986,Sinaloa,80,14228,Noroeste
1986,Chihuahua,312,13486,Norte
1986,Sonora,30,12555,Noroeste
1986,Coahuila,20,12162,Noreste
1986,Zacatecas,40,11422,Occidente
1986,Querétaro,38,10449,Centro
1986,Jalisco,171,9565,Occidente
1986,Guerrero,188,9467,Centro
1986,Nuevo León,37,7945,Noreste
1986,Puebla,587,6904,Centro
1986,Nayarit,102,6732,Occidente
1986,Michoacán,966,5942,Occidente
1986,Baja California,81,4344,Noroeste
1986,Ciudad de México,626,3818,Centro
1986,San Luis Potosí,48,3503,Occidente
1986,Veracruz,115,2520,Centro
1986,Quintana Roo,29,2486,Sureste
1986,Morelos,281,1867,Centro
1986,Colima,23,1563,Occidente
1986,Tlaxcala,192,1436,Centro
1986,Hidalgo,112,1358,Centro
1986,Aguascalientes,9,1081,Occidente
1986,Yucatán,33,817,Sureste
1986,Tabasco,2,730,Sureste
1986,Guanajuato,26,507,Occidente
1986,Campeche,38,388,Sureste
1986,Baja California Sur,0,0,Noroeste
1987,Chiapas,646,134004,Sureste
1987,Sonora,40,32411,Noroeste
1987,Michoacán,1214,19942,Occidente
1987,México,4001,16254,Centro
1987,Oaxaca,111,14471,Centro
1987,Jalisco,231,11624,Occidente
1987,Quintana Roo,57,7449,Sureste
1987,Chihuahua,215,6574,Norte
1987,Nuevo León,13,4597,Noreste
1987,Guerrero,237,4288,Centro
1987,Durango,178,4228,Norte
1987,Nayarit,66,3649,Occidente
1987,Ciudad de México,692,3591,Centro
1987,Hidalgo,109,3582,Centro
1987,Puebla,416,3521,Centro
1987,Baja California,81,2962,Noroeste
1987,Tlaxcala,233,2747,Centro
1987,Sinaloa,81,1798,Noroeste
1987,Zacatecas,18,1571,Occidente
1987,Morelos,259,1470,Centro
1987,Colima,34,1357,Occidente
1987,Veracruz,144,1111,Centro
1987,Guanajuato,33,1068,Occidente
1987,Aguascalientes,12,910,Occidente
1987,San Luis Potosí,22,646,Occidente
1987,Tamaulipas,2,550,Noreste
1987,Campeche,77,402,Sureste
1987,Querétaro,38,303,Centro
1987,Tabasco,2,265,Sureste
1987,Coahuila,1,2,Noreste
1987,Baja California Sur,0,0,Noroeste
1987,Yucatán,0,0,Sureste
1988,Coahuila,83,127498,Noreste
1988,Chiapas,444,64468,Sureste
1988,Jalisco,250,46552,Occidente
1988,Michoacán,1467,45907,Occidente
1988,Durango,458,37993,Norte
1988,Chihuahua,494,27681,Norte
1988,Sonora,26,23915,Noroeste
1988,México,4748,21222,Centro
1988,Oaxaca,88,16028,Centro
1988,Zacatecas,47,13266,Occidente
1988,Nayarit,84,13179,Occidente
1988,Guerrero,330,10158,Centro
1988,San Luis Potosí,39,8386,Occidente
1988,Tamaulipas,24,8109,Noreste
1988,Campeche,89,8046,Sureste
1988,Aguascalientes,11,6729,Occidente
1988,Guanajuato,27,4613,Occidente
1988,Colima,38,4384,Occidente
1988,Puebla,437,4295,Centro
1988,Sinaloa,91,4213,Noroeste
1988,Quintana Roo,8,3837,Sureste
1988,Ciudad de México,667,3462,Centro
1988,Morelos,297,3193,Centro
1988,Nuevo León,24,2766,Noreste
1988,Tlaxcala,267,2392,Centro
1988,Baja California,72,1905,Noroeste
1988,Veracruz,171,1458,Centro
1988,Yucatán,14,785,Sureste
1988,Hidalgo,78,671,Centro
1988,Querétaro,53,641,Centro
1988,Tabasco,16,513,Sureste
1988,Baja California Sur,0,0,Noroeste
1989,Quintana Roo,50,119233,Sureste
1989,Sonora,83,66025,Noroeste
1989,Coahuila,125,60231,Noreste
1989,Durango,363,40004,Norte
1989,Nuevo León,73,30899,Noreste
1989,Baja California,58,29746,Noroeste
1989,Chihuahua,610,25317,Norte
1989,Zacatecas,61,25086,Occidente
1989,Chiapas,317,18132,Sureste
1989,México,3569,15406,Centro
1989,Michoacán,1468,13042,Occidente
1989,Tamaulipas,22,10927,Noreste
1989,Jalisco,212,9688,Occidente
1989,Oaxaca,74,6903,Centro
1989,Nayarit,69,5532,Occidente
1989,Guerrero,212,4526,Centro
1989,Guanajuato,60,3879,Occidente
1989,Ciudad de México,1072,3712,Centro
1989,Puebla,314,3218,Centro
1989,Campeche,82,3165,Sureste
1989,San Luis Potosí,65,2801,Occidente
1989,Sinaloa,67,2233,Noroeste
1989,Veracruz,177,1872,Centro
1989,Morelos,312,1403,Centro
1989,Tlaxcala,239,1009,Centro
1989,Tabasco,21,976,Sureste
1989,Colima,27,829,Occidente
1989,Hidalgo,81,633,Centro
1989,Aguascalientes,6,498,Occidente
1989,Querétaro,44,456,Centro
1989,Yucatán,13,90,Sureste
1989,Baja California Sur,0,0,Noroeste
1990,Chihuahua,321,12600,Norte
1990,Coahuila,22,11491,Noreste
1990,Chiapas,161,8418,Sureste
1990,Durango,168,6148,Norte
1990,Tamaulipas,44,5381,Noreste
1990,Yucatán,44,4882,Sureste
1990,Nayarit,43,3915,Occidente
1990,Baja California,60,3723,Noroeste
1990,Michoacán,533,3615,Occidente
1990,San Luis Potosí,18,3156,Occidente
1990,Sonora,14,2765,Noroeste
1990,Jalisco,105,2516,Occidente
1990,México,710,1986,Centro
1990,Guerrero,101,1488,Centro
1990,Zacatecas,28,1477,Occidente
1990,Sinaloa,41,855,Noroeste
1990,Colima,15,853,Occidente
1990,Veracruz,70,693,Centro
1990,Oaxaca,21,679,Centro
1990,Guanajuato,19,561,Occidente
1990,Quintana Roo,24,512,Sureste
1990,Ciudad de México,431,495,Centro
1990,Nuevo León,20,467,Noreste
1990,Puebla,119,375,Centro
1990,Morelos,166,337,Centro
1990,Tabasco,26,326,Sureste
1990,Querétaro,21,187,Centro
1990,Aguascalientes,3,178,Occidente
1990,Tlaxcala,58,157,Centro
1990,Hidalgo,32,124,Centro
1990,Campeche,4,37,Sureste
1990,Baja California Sur,1,3,Noroeste
1991,Durango,557,41606,Norte
1991,Chiapas,234,25413,Sureste
1991,Quintana Roo,177,24330,Sureste
1991,Guerrero,414,16621,Centro
1991,San Luis Potosí,86,15706,Occidente
1991,Oaxaca,114,15344,Centro
1991,México,1942,13814,Centro
1991,Michoacán,1381,13500,Occidente
1991,Jalisco,235,12926,Occidente
1991,Nayarit,124,12680,Occidente
1991,Zacatecas,57,10997,Occidente
1991,Sonora,23,9860,Noroeste
1991,Chihuahua,320,8607,Norte
1991,Yucatán,69,7226,Sureste
1991,Tamaulipas,30,4624,Noreste
1991,Ciudad de México,1397,4320,Centro
1991,Puebla,241,4045,Centro
1991,Veracruz,212,4025,Centro
1991,Querétaro,32,3758,Centro
1991,Guanajuato,49,3534,Occidente
1991,Sinaloa,78,2825,Noroeste
1991,Coahuila,38,2480,Noreste
1991,Campeche,97,2326,Sureste
1991,Colima,19,1942,Occidente
1991,Hidalgo,106,1804,Centro
1991,Morelos,403,1485,Centro
1991,Nuevo León,24,1057,Noreste
1991,Tabasco,11,586,Sureste
1991,Baja California Sur,4,511,Noroeste
1991,Tlaxcala,99,496,Centro
1991,Aguascalientes,13,483,Occidente
1991,Baja California,35,335,Noroeste
1992,Chiapas,121,17570,Sureste
1992,Chihuahua,222,3473,Norte
1992,Guerrero,193,3250,Centro
1992,Coahuila,36,3089,Noreste
1992,Nayarit,29,2656,Occidente
1992,Durango,70,2569,Norte
1992,Sinaloa,62,2003,Noroeste
1992,Michoacán,353,1675,Occidente
1992,Oaxaca,71,1601,Centro
1992,Quintana Roo,97,1199,Sureste
1992,México,450,1143,Centro
1992,Baja California,75,1113,Noroeste
1992,Ciudad de México,576,833,Centro
1992,Jalisco,75,666,Occidente
1992,Zacatecas,10,333,Occidente
1992,Colima,6,226,Occidente
1992,Sonora,14,205,Noroeste
1992,Morelos,117,195,Centro
1992,Puebla,106,181,Centro
1992,Baja California Sur,7,100,Noroeste
1992,Campeche,65,75,Sureste
1992,Yucatán,5,46,Sureste
1992,Veracruz,28,37,Centro
1992,Nuevo León,14,36,Noreste
1992,Querétaro,5,32,Centro
1992,Guanajuato,6,21,Occidente
1992,Aguascalientes,2,19,Occidente
1992,San Luis Potosí,2,19,Occidente
1992,Tlaxcala,6,16,Centro
1992,Tamaulipas,1,12,Noreste
1992,Hidalgo,5,8,Centro
1992,Tabasco,0,0,Sureste
1993,Durango,510,32907,Norte
1993,Coahuila,83,31508,Noreste
1993,Jalisco,473,21524,Occidente
1993,Chihuahua,684,18498,Norte
1993,México,2532,16399,Centro
1993,Guerrero,390,15976,Centro
1993,Chiapas,105,14336,Sureste
1993,Zacatecas,55,13793,Occidente
1993,Michoacán,1631,12225,Occidente
1993,Oaxaca,176,11552,Centro
1993,Sonora,21,6141,Noroeste
1993,Nayarit,137,5794,Occidente
1993,Puebla,331,4418,Centro
1993,Baja California,69,3919,Noroeste
1993,Guanajuato,55,3781,Occidente
1993,Sinaloa,110,3325,Noroeste
1993,Ciudad de México,1617,3323,Centro
1993,Colima,75,3232,Occidente
1993,Querétaro,68,3186,Centro
1993,Nuevo León,38,1639,Noreste
1993,Tamaulipas,11,1268,Noreste
1993,San Luis Potosí,43,1213,Occidente
1993,Morelos,511,1169,Centro
1993,Hidalgo,122,994,Centro
1993,Quintana Roo,63,921,Sureste
1993,Veracruz,148,857,Centro
1993,Campeche,57,517,Sureste
1993,Tlaxcala,108,443,Centro
1993,Yucatán,17,120,Sureste
1993,Aguascalientes,6,23,Occidente
1993,Baja California Sur,5,19,Noroeste
1993,Tabasco,0,0,Sureste
1994,Jalisco,531,19377,Occidente
1994,Chiapas,121,16673,Sureste
1994,Durango,318,15347,Norte
1994,Chihuahua,626,14477,Norte
1994,Zacatecas,62,12091,Occidente
1994,México,2061,11240,Centro
1994,Nayarit,91,7647,Occidente
1994,Michoacán,944,5584,Occidente
1994,Coahuila,56,4878,Noreste
1994,Guerrero,241,4755,Centro
1994,Oaxaca,126,4443,Centro
1994,Puebla,244,4138,Centro
1994,Baja California,59,3040,Noroeste
1994,Ciudad de México,1069,2556,Centro
1994,Quintana Roo,105,2368,Sureste
1994,Sinaloa,82,1955,Noroeste
1994,Colima,93,1896,Occidente
1994,Guanajuato,38,1646,Occidente
1994,Hidalgo,89,1335,Centro
1994,Querétaro,32,993,Centro
1994,Tabasco,11,974,Sureste
1994,Tlaxcala,161,882,Centro
1994,Aguascalientes,23,702,Occidente
1994,Morelos,396,669,Centro
1994,Sonora,19,609,Noroeste
1994,Campeche,45,605,Sureste
1994,Veracruz,135,470,Centro
1994,Tamaulipas,11,328,Noreste
1994,Nuevo León,22,233,Noreste
1994,San Luis Potosí,9,206,Occidente
1994,Yucatán,7,102,Sureste
1994,Baja California Sur,3,11,Noroeste
1995,Quintana Roo,137,59986,Sureste
1995,Zacatecas,75,43641,Occidente
1995,Durango,368,31905,Norte
1995,Chiapas,150,24193,Sureste
1995,Jalisco,437,17005,Occidente
1995,Chihuahua,692,14475,Norte
1995,Coahuila,61,14000,Noreste
1995,México,1875,13811,Centro
1995,Baja California,63,12846,Noroeste
1995,San Luis Potosí,109,9645,Occidente
1995,Oaxaca,147,8464,Centro
1995,Michoacán,755,6186,Occidente
1995,Guerrero,214,5236,Centro
1995,Sonora,29,5009,Noroeste
1995,Nuevo León,48,4815,Noreste
1995,Nayarit,45,4683,Occidente
1995,Tamaulipas,27,4639,Noreste
1995,Colima,66,4473,Occidente
1995,Tabasco,15,4431,Sureste
1995,Puebla,204,4251,Centro
1995,Ciudad de México,1406,2565,Centro
1995,Hidalgo,136,2376,Centro
1995,Querétaro,61,1924,Centro
1995,Veracruz,148,1841,Centro
1995,Campeche,77,1713,Sureste
1995,Sinaloa,76,1574,Noroeste
1995,Yucatán,16,1087,Sureste
1995,Guanajuato,35,1056,Occidente
1995,Morelos,228,528,Centro
1995,Tlaxcala,146,514,Centro
1995,Aguascalientes,12,213,Occidente
1995,Baja California Sur,2,2,Noroeste
1996,Chihuahua,899,44909,Norte
1996,Durango,319,28346,Norte
1996,Coahuila,64,22822,Noreste
1996,Chiapas,197,18574,Sureste
1996,Baja California,54,16104,Noroeste
1996,México,2771,15008,Centro
1996,Jalisco,354,14583,Occidente
1996,San Luis Potosí,181,8800,Occidente
1996,Guerrero,254,8268,Centro
1996,Oaxaca,137,8027,Centro
1996,Sonora,48,8017,Noroeste
1996,Michoacán,774,6188,Occidente
1996,Zacatecas,45,5948,Occidente
1996,Querétaro,97,5729,Centro
1996,Colima,95,5554,Occidente
1996,Tamaulipas,70,5471,Noreste
1996,Nuevo León,67,4974,Noreste
1996,Sinaloa,141,4238,Noroeste
1996,Puebla,336,3648,Centro
1996,Ciudad de México,1484,3166,Centro
1996,Quintana Roo,111,2206,Sureste
1996,Hidalgo,154,2175,Centro
1996,Nayarit,43,1769,Occidente
1996,Veracruz,157,1500,Centro
1996,Aguascalientes,22,914,Occidente
1996,Tlaxcala,209,756,Centro
1996,Morelos,145,452,Centro
1996,Guanajuato,15,428,Occidente
1996,Baja California Sur,4,93,Noroeste
1996,Yucatán,6,76,Sureste
1996,Campeche,3,22,Sureste
1996,Tabasco,0,0,Sureste
1997,Chiapas,181,48114,Sureste
1997,Oaxaca,237,10629,Centro
1997,Baja California,60,9213,Noroeste
1997,Guerrero,241,5636,Centro
1997,Michoacán,611,5604,Occidente
1997,Sonora,26,5058,Noroeste
1997,México,1496,4517,Centro
1997,Chihuahua,263,2930,Norte
1997,Nayarit,56,2420,Occidente
1997,Colima,59,2254,Occidente
1997,Jalisco,115,2031,Occidente
1997,Yucatán,14,1676,Sureste
1997,Ciudad de México,1115,1530,Centro
1997,Puebla,176,1213,Centro
1997,Sinaloa,54,916,Noroeste
1997,Zacatecas,15,758,Occidente
1997,Quintana Roo,58,629,Sureste
1997,Hidalgo,51,497,Centro
1997,Nuevo León,11,459,Noreste
1997,Durango,23,435,Norte
1997,Tlaxcala,103,388,Centro
1997,Morelos,103,232,Centro
1997,Coahuila,6,177,Noreste
1997,Campeche,7,155,Sureste
1997,Veracruz,53,129,Centro
1997,Querétaro,13,66,Centro
1997,Guanajuato,2,62,Occidente
1997,Tamaulipas,3,51,Noreste
1997,Aguascalientes,5,31,Occidente
1997,Baja California Sur,2,23,Noroeste
1997,San Luis Potosí,4,12,Occidente
1997,Tabasco,0,0,Sureste
1998,Oaxaca,419,241708,Centro
1998,Chiapas,405,198808,Sureste
1998,Durango,436,68960,Norte
1998,Nuevo León,96,28155,Noreste
1998,Chihuahua,921,27502,Norte
1998,San Luis Potosí,249,27181,Occidente
1998,México,3649,25847,Centro
1998,Michoacán,1793,25790,Occidente
1998,Puebla,544,19835,Centro
1998,Guerrero,496,19203,Centro
1998,Jalisco,428,18196,Occidente
1998,Tamaulipas,91,17826,Noreste
1998,Querétaro,96,17524,Centro
1998,Coahuila,41,14602,Noreste
1998,Hidalgo,420,14557,Centro
1998,Tabasco,67,13938,Sureste
1998,Veracruz,539,9690,Centro
1998,Tlaxcala,439,8832,Centro
1998,Sinaloa,129,8211,Noroeste
1998,Quintana Roo,234,6209,Sureste
1998,Ciudad de México,1932,5735,Centro
1998,Baja California,233,5494,Noroeste
1998,Yucatán,41,5397,Sureste
1998,Campeche,76,5253,Sureste
1998,Zacatecas,102,4670,Occidente
1998,Guanajuato,61,2811,Occidente
1998,Morelos,330,2360,Centro
1998,Nayarit,71,2284,Occidente
1998,Sonora,26,1667,Noroeste
1998,Colima,64,1191,Occidente
1998,Aguascalientes,5,167,Occidente
1998,Baja California Sur,12,29,Noroeste
1999,Chihuahua,1476,49375,Norte
1999,Durango,354,35463,Norte
1999,Oaxaca,292,19550,Centro
1999,Guerrero,462,17701,Centro
1999,Quintana Roo,159,13931,Sureste
1999,Sonora,76,12508,Noroeste
1999,Jalisco,321,8377,Occidente
1999,Baja California,134,8144,Noroeste
1999,Zacatecas,104,7233,Occidente
1999,Chiapas,203,6835,Sureste
1999,Michoacán,933,6796,Occidente
1999,San Luis Potosí,99,6322,Occidente
1999,Yucatán,60,5020,Sureste
1999,Puebla,188,4327,Centro
1999,Sinaloa,118,4260,Noroeste
1999,Tamaulipas,41,4236,Noreste
1999,México,1512,4190,Centro
1999,Nayarit,74,3421,Occidente
1999,Coahuila,29,2486,Noreste
1999,Nuevo León,54,2357,Noreste
1999,Guanajuato,34,1858,Occidente
1999,Veracruz,146,1071,Centro
1999,Colima,45,912,Occidente
1999,Ciudad de México,434,887,Centro
1999,Tabasco,18,809,Sureste
1999,Campeche,56,632,Sureste
1999,Morelos,275,556,Centro
1999,Tlaxcala,105,487,Centro
1999,Hidalgo,107,453,Centro
1999,Querétaro,55,428,Centro
1999,Aguascalientes,8,324,Occidente
1999,Baja California Sur,7,112,Noroeste
2000,Durango,349,47009,Norte
2000,Chiapas,307,28623,Sureste
2000,Chihuahua,1258,28177,Norte
2000,Guerrero,401,26862,Centro
2000,Baja California,93,13810,Noroeste
2000,Jalisco,456,12420,Occidente
2000,Oaxaca,227,12203,Centro
2000,Coahuila,54,8989,Noreste
2000,Michoacán,777,7847,Occidente
2000,México,2152,6835,Centro
2000,Sonora,87,5542,Noroeste
2000,Zacatecas,100,5337,Occidente
2000,Sinaloa,130,4716,Noroeste
2000,San Luis Potosí,125,4629,Occidente
2000,Nayarit,67,2887,Occidente
2000,Puebla,205,2678,Centro
2000,Quintana Roo,172,2203,Sureste
2000,Guanajuato,69,2123,Occidente
2000,Tabasco,18,1874,Sureste
2000,Campeche,54,1506,Sureste
2000,Tlaxcala,158,1422,Centro
2000,Ciudad de México,601,1395,Centro
2000,Tamaulipas,29,1290,Noreste
2000,Yucatán,43,1108,Sureste
2000,Querétaro,61,1044,Centro
2000,Morelos,266,967,Centro
2000,Aguascalientes,8,851,Occidente
2000,Hidalgo,106,613,Centro
2000,Colima,31,389,Occidente
2000,Nuevo León,67,341,Noreste
2000,Veracruz,84,219,Centro
2000,Baja California Sur,2,9,Noroeste
2001,Chiapas,442,33515,Sureste
2001,Jalisco,915,31780,Occidente
2001,Oaxaca,274,14838,Centro
2001,Guerrero,327,9988,Centro
2001,Durango,92,7380,Norte
2001,Chihuahua,601,4843,Norte
2001,Michoacán,446,3939,Occidente
2001,Nayarit,71,3810,Occidente
2001,México,986,2845,Centro
2001,Zacatecas,66,2811,Occidente
2001,Puebla,182,2752,Centro
2001,Tlaxcala,231,2571,Centro
2001,Coahuila,50,2108,Noreste
2001,Sonora,60,2057,Noroeste
2001,Tabasco,7,1387,Sureste
2001,Baja California,131,1214,Noroeste
2001,Quintana Roo,108,992,Sureste
2001,Colima,48,943,Occidente
2001,Campeche,34,942,Sureste
2001,Ciudad de México,591,904,Centro
2001,Guanajuato,63,810,Occidente
2001,Yucatán,37,789,Sureste
2001,San Luis Potosí,39,640,Occidente
2001,Sinaloa,100,623,Noroeste
2001,Hidalgo,102,605,Centro
2001,Tamaulipas,14,529,Noreste
2001,Morelos,160,462,Centro
2001,Veracruz,93,296,Centro
2001,Querétaro,36,186,Centro
2001,Nuevo León,22,130,Noreste
2001,Aguascalientes,7,103,Occidente
2001,Baja California Sur,5,91,Noroeste
2002,Oaxaca,280,37762,Centro
2002,Chiapas,461,25713,Sureste
2002,Guerrero,225,20452,Centro
2002,Chihuahua,852,17001,Norte
2002,Baja California,153,14688,Noroeste
2002,Coahuila,43,13121,Noreste
2002,Durango,183,13100,Norte
2002,Sinaloa,81,12596,Noroeste
2002,Jalisco,397,11213,Occidente
2002,Sonora,95,9187,Noroeste
2002,Michoacán,638,6805,Occidente
2002,Puebla,306,3323,Centro
2002,Tlaxcala,313,2791,Centro
2002,Zacatecas,34,2007,Occidente
2002,Colima,49,1872,Occidente
2002,México,1025,1815,Centro
2002,Yucatán,40,1721,Sureste
2002,Tabasco,25,1710,Sureste
2002,Nayarit,70,1669,Occidente
2002,San Luis Potosí,86,1567,Occidente
2002,Tamaulipas,25,1432,Noreste
2002,Ciudad de México,2090,1089,Centro
2002,Guanajuato,43,940,Occidente
2002,Quintana Roo,116,909,Sureste
2002,Hidalgo,143,849,Centro
2002,Veracruz,141,757,Centro
2002,Morelos,227,719,Centro
2002,Querétaro,47,579,Centro
2002,Campeche,14,442,Sureste
2002,Aguascalientes,4,363,Occidente
2002,Nuevo León,46,72,Noreste
2002,Baja California Sur,4,36,Noroeste
2003,Oaxaca,327,69366,Centro
2003,Chiapas,495,67355,Sureste
2003,Baja California,152,27299,Noroeste
2003,Campeche,69,25611,Sureste
2003,Guerrero,245,17599,Centro
2003,Yucatán,72,12414,Sureste
2003,Michoacán,1022,11533,Occidente
2003,Jalisco,539,10775,Occidente
2003,Durango,172,9340,Norte
2003,México,1493,7602,Centro
2003,Sonora,45,7438,Noroeste
2003,Chihuahua,548,7343,Norte
2003,Quintana Roo,158,6717,Sureste
2003,Puebla,430,6059,Centro
2003,Nayarit,124,6007,Occidente
2003,San Luis Potosí,85,5048,Occidente
2003,Zacatecas,131,3753,Occidente
2003,Veracruz,215,3604,Centro
2003,Sinaloa,111,2681,Noroeste
2003,Hidalgo,242,2539,Centro
2003,Tamaulipas,23,2180,Noreste
2003,Tabasco,77,2108,Sureste
2003,Coahuila,32,2057,Noreste
2003,Ciudad de México,796,1312,Centro
2003,Querétaro,80,1179,Centro
2003,Guanajuato,25,1058,Occidente
2003,Morelos,226,686,Centro
2003,Tlaxcala,191,572,Centro
2003,Aguascalientes,23,448,Occidente
2003,Baja California Sur,4,361,Noroeste
2003,Colima,29,356,Occidente
2003,Nuevo León,30,51,Noreste
2004,Chiapas,293,11691,Sureste
2004,Guerrero,153,9060,Centro
2004,Baja California,175,6776,Noroeste
2004,Michoacán,752,6404,Occidente
2004,Jalisco,454,6099,Occidente
2004,Oaxaca,127,5776,Centro
2004,Sonora,33,4668,Noroeste
2004,Chihuahua,335,4149,Norte
2004,Durango,124,3443,Norte
2004,Puebla,179,3139,Centro
2004,Yucatán,41,2740,Sureste
2004,Zacatecas,138,2607,Occidente
2004,Campeche,23,2583,Sureste
2004,México,1010,2392,Centro
2004,Nayarit,82,2109,Occidente
2004,Ciudad de México,1653,1651,Centro
2004,Sinaloa,45,1169,Noroeste
2004,Colima,45,675,Occidente
2004,Tamaulipas,11,633,Noreste
2004,Aguascalientes,16,536,Occidente
2004,Veracruz,53,481,Centro
2004,Quintana Roo,57,448,Sureste
2004,Hidalgo,75,376,Centro
2004,Coahuila,45,358,Noreste
2004,Guanajuato,13,275,Occidente
2004,Tlaxcala,163,268,Centro
2004,Querétaro,33,256,Centro
2004,Morelos,123,208,Centro
2004,Baja California Sur,11,194,Noroeste
2004,San Luis Potosí,14,88,Occidente
2004,Nuevo León,24,74,Noreste
2004,Tabasco,0,0,Sureste
2005,Baja California,374,38959,Noroeste
2005,Oaxaca,298,30938,Centro
2005,Jalisco,717,28407,Occidente
2005,Chiapas,461,23508,Sureste
2005,Zacatecas,279,23040,Occidente
2005,Guerrero,207,18004,Centro
2005,Michoacán,1195,17444,Occidente
2005,Nayarit,135,16509,Occidente
2005,Durango,237,13041,Norte
2005,Puebla,403,8215,Centro
2005,México,1805,7422,Centro
2005,Quintana Roo,150,5761,Sureste
2005,Chihuahua,646,4673,Norte
2005,Yucatán,82,4323,Sureste
2005,Aguascalientes,28,4166,Occidente
2005,Coahuila,116,3809,Noreste
2005,San Luis Potosí,74,3656,Occidente
2005,Sonora,29,3348,Noroeste
2005,Querétaro,116,2167,Centro
2005,Sinaloa,57,2104,Noroeste
2005,Baja California Sur,4,2097,Noroeste
2005,Guanajuato,41,1986,Occidente
2005,Campeche,37,1832,Sureste
2005,Tabasco,32,1773,Sureste
2005,Ciudad de México,1261,1667,Centro
2005,Nuevo León,38,1416,Noreste
2005,Veracruz,199,1265,Centro
2005,Hidalgo,196,1220,Centro
2005,Colima,60,1200,Occidente
2005,Tamaulipas,27,1175,Noreste
2005,Tlaxcala,223,514,Centro
2005,Morelos,182,455,Centro
2006,Quintana Roo,142,53619,Sureste
2006,Coahuila,151,24475,Noreste
2006,Chihuahua,1057,18505,Norte
2006,Jalisco,815,15810,Occidente
2006,Baja California,195,13738,Noroeste
2006,Durango,174,13228,Norte
2006,Michoacán,1062,13176,Occidente
2006,Oaxaca,239,13097,Centro
2006,Chiapas,329,10485,Sureste
2006,Yucatán,89,9389,Sureste
2006,Sonora,55,8506,Noroeste
2006,México,1511,7073,Centro
2006,Guerrero,163,6962,Centro
2006,Sinaloa,94,5688,Noroeste
2006,Tamaulipas,44,4393,Noreste
2006,Puebla,350,3306,Centro
2006,Zacatecas,65,2972,Occidente
2006,Nayarit,99,2923,Occidente
2006,San Luis Potosí,72,2747,Occidente
2006,Campeche,20,2655,Sureste
2006,Nuevo León,71,2000,Noreste
2006,Ciudad de México,1096,1711,Centro
2006,Hidalgo,172,1449,Centro
2006,Veracruz,144,1306,Centro
2006,Tlaxcala,222,946,Centro
2006,Guanajuato,19,934,Occidente
2006,Morelos,176,888,Centro
2006,Colima,50,813,Occidente
2006,Aguascalientes,22,682,Occidente
2006,Querétaro,41,347,Centro
2006,Baja California Sur,5,62,Noroeste
2006,Tabasco,1,1,Sureste
2007,Baja California,137,29685,Noroeste
2007,Oaxaca,181,16033,Centro
2007,Jalisco,436,14963,Occidente
2007,Chiapas,444,12894,Sureste
2007,Guerrero,212,12621,Centro
2007,Michoacán,798,11629,Occidente
2007,Chihuahua,626,10561,Norte
2007,Sonora,42,4469,Noroeste
2007,Sinaloa,70,4420,Noroeste
2007,Durango,102,4118,Norte
2007,Nayarit,140,3351,Occidente
2007,México,902,2750,Centro
2007,Yucatán,62,2679,Sureste
2007,Nuevo León,23,1844,Noreste
2007,Tabasco,16,1645,Sureste
2007,Veracruz,142,1288,Centro
2007,Ciudad de México,681,891,Centro
2007,Quintana Roo,86,757,Sureste
2007,Puebla,251,694,Centro
2007,Coahuila,50,619,Noreste
2007,Guanajuato,26,604,Occidente
2007,Colima,49,503,Occidente
2007,Zacatecas,4,385,Occidente
2007,Morelos,126,327,Centro
2007,Campeche,21,316,Sureste
2007,Aguascalientes,14,310,Occidente
2007,San Luis Potosí,24,301,Occidente
2007,Baja California Sur,14,274,Noroeste
2007,Tlaxcala,127,260,Centro
2007,Querétaro,22,202,Centro
2007,Hidalgo,50,159,Centro
2007,Tamaulipas,15,113,Noreste
2008,Durango,138,27691,Norte
2008,Coahuila,172,24429,Noreste
2008,Jalisco,625,23770,Occidente
2008,Quintana Roo,212,17830,Sureste
2008,Chihuahua,1153,17216,Norte
2008,Oaxaca,274,14677,Centro
2008,Baja California,242,13215,Noroeste
2008,Guerrero,251,13121,Centro
2008,Michoacán,1236,12940,Occidente
2008,Chiapas,333,9711,Sureste
2008,Sonora,45,6616,Noroeste
2008,Nayarit,161,6324,Occidente
2008,México,1671,5750,Centro
2008,Yucatán,100,5592,Sureste
2008,Nuevo León,57,4905,Noreste
2008,Sinaloa,85,3749,Noroeste
2008,San Luis Potosí,160,3547,Occidente
2008,Querétaro,151,2786,Centro
2008,Aguascalientes,22,2627,Occidente
2008,Puebla,442,2079,Centro
2008,Guanajuato,45,1841,Occidente
2008,Veracruz,253,1734,Centro
2008,Ciudad de México,1000,1722,Centro
2008,Hidalgo,274,1228,Centro
2008,Zacatecas,7,1192,Occidente
2008,Tamaulipas,34,1182,Noreste
2008,Campeche,42,1087,Sureste
2008,Tabasco,56,1030,Sureste
2008,Morelos,219,847,Centro
2008,Tlaxcala,206,619,Centro
2008,Colima,59,540,Occidente
2008,Baja California Sur,10,49,Noroeste
2009,Baja California,274,71855,Noroeste
2009,Quintana Roo,226,42350,Sureste
2009,Coahuila,131,21476,Noreste
2009,Yucatán,54,15463,Sureste
2009,Oaxaca,237,14650,Centro
2009,Zacatecas,126,13438,Occidente
2009,Chiapas,394,12514,Sureste
2009,Michoacán,1083,12469,Occidente
2009,Guerrero,191,11497,Centro
2009,Chihuahua,842,10704,Norte
2009,Jalisco,402,9459,Occidente
2009,Puebla,512,7403,Centro
2009,México,1808,6031,Centro
2009,Sonora,34,6009,Noroeste
2009,Tabasco,85,4864,Sureste
2009,Durango,148,4581,Norte
2009,Nayarit,149,4525,Occidente
2009,Campeche,56,4335,Sureste
2009,Hidalgo,311,3337,Centro
2009,Nuevo León,76,3091,Noreste
2009,Veracruz,255,2807,Centro
2009,Tamaulipas,41,2269,Noreste
2009,Tlaxcala,357,2080,Centro
2009,Querétaro,143,2060,Centro
2009,Ciudad de México,1190,1869,Centro
2009,San Luis Potosí,99,1507,Occidente
2009,Sinaloa,55,1488,Noroeste
2009,Morelos,189,678,Centro
2009,Baja California Sur,25,588,Noroeste
2009,Guanajuato,27,435,Occidente
2009,Aguascalientes,14,304,Occidente
2009,Colima,35,213,Occidente
2010,Baja California,237,14064,Noroeste
2010,Oaxaca,227,13180,Centro
2010,Guerrero,186,10712,Centro
2010,Chiapas,285,7698,Sureste
2010,Chihuahua,687,7689,Norte
2010,Michoacán,718,6779,Occidente
2010,Jalisco,192,6299,Occidente
2010,Puebla,316,5823,Centro
2010,Quintana Roo,78,5739,Sureste
2010,Sonora,21,5306,Noroeste
2010,Durango,60,5084,Norte
2010,Coahuila,68,4611,Noreste
2010,Yucatán,34,3463,Sureste
2010,México,1108,3127,Centro
2010,Nayarit,100,2421,Occidente
2010,Sinaloa,51,1820,Noroeste
2010,Zacatecas,52,1700,Occidente
2010,Veracruz,200,1233,Centro
2010,Tabasco,45,1230,Sureste
2010,Baja California Sur,17,1165,Noroeste
2010,Ciudad de México,863,1160,Centro
2010,Colima,36,637,Occidente
2010,Nuevo León,30,613,Noreste
2010,Tamaulipas,16,545,Noreste
2010,Querétaro,35,529,Centro
2010,Tlaxcala,161,500,Centro
2010,San Luis Potosí,43,499,Occidente
2010,Campeche,19,400,Sureste
2010,Hidalgo,84,310,Centro
2010,Morelos,140,277,Centro
2010,Guanajuato,8,65,Occidente
2010,Aguascalientes,8,45,Occidente
2011,Coahuila,162,424541,Noreste
2011,Chihuahua,1687,87920,Norte
2011,Quintana Roo,132,79022,Sureste
2011,Sonora,66,63237,Noroeste
2011,Zacatecas,133,42279,Occidente
2011,Durango,249,42005,Norte
2011,Jalisco,646,28781,Occidente
2011,Baja California,304,19509,Noroeste
2011,Oaxaca,334,18176,Centro
2011,Nuevo León,98,17935,Noreste
2011,Tamaulipas,73,15959,Noreste
2011,Chiapas,332,14435,Sureste
2011,San Luis Potosí,136,13497,Occidente
2011,Guerrero,138,12818,Centro
2011,Michoacán,1211,11840,Occidente
2011,Puebla,646,10902,Centro
2011,México,2419,9284,Centro
2011,Yucatán,61,7458,Sureste
2011,Campeche,34,4748,Sureste
2011,Nayarit,155,4560,Occidente
2011,Ciudad de México,1373,4416,Centro
2011,Sinaloa,78,4084,Noroeste
2011,Hidalgo,342,4076,Centro
2011,Veracruz,417,3665,Centro
2011,Querétaro,129,2776,Centro
2011,Morelos,242,2522,Centro
2011,Guanajuato,66,2385,Occidente
2011,Tlaxcala,404,1602,Centro
2011,Aguascalientes,18,1549,Occidente
2011,Tabasco,6,289,Sureste
2011,Colima,17,104,Occidente
2011,Baja California Sur,5,32,Noroeste
2012,Sonora,53,75202,Noroeste
2012,Chihuahua,1479,51903,Norte
2012,Durango,270,51626,Norte
2012,Coahuila,90,32182,Noreste
2012,Baja California,230,27222,Noroeste
2012,Jalisco,610,24397,Occidente
2012,Oaxaca,195,15237,Centro
2012,Guerrero,162,15177,Centro
2012,Michoacán,885,13854,Occidente
2012,Chiapas,250,8969,Sureste
2012,Zacatecas,90,5625,Occidente
2012,Nayarit,143,4766,Occidente
2012,Sinaloa,58,4516,Noroeste
2012,Puebla,390,3460,Centro
2012,México,992,2633,Centro
2012,Tabasco,5,1525,Sureste
2012,Morelos,148,1392,Centro
2012,Quintana Roo,56,1015,Sureste
2012,Veracruz,129,916,Centro
2012,Tlaxcala,208,815,Centro
2012,Querétaro,34,780,Centro
2012,Colima,34,611,Occidente
2012,Hidalgo,145,492,Centro
2012,Yucatán,14,461,Sureste
2012,Guanajuato,18,429,Occidente
2012,San Luis Potosí,33,427,Occidente
2012,Campeche,6,408,Sureste
2012,Ciudad de México,357,360,Centro
2012,Nuevo León,52,280,Noreste
2012,Aguascalientes,14,266,Occidente
2012,Tamaulipas,12,205,Noreste
2012,Baja California Sur,8,73,Noroeste
2013,Sonora,51,69856,Noroeste
2013,Jalisco,710,48331,Occidente
2013,Oaxaca,378,31245,Centro
2013,Chihuahua,1137,30554,Norte
2013,Guerrero,188,26622,Centro
2013,Quintana Roo,71,24653,Sureste
2013,Chiapas,422,20323,Sureste
2013,Durango,231,19761,Norte
2013,Baja California,208,18889,Noroeste
2013,Baja California Sur,31,18741,Noroeste
2013,Michoacán,1180,16210,Occidente
2013,San Luis Potosí,65,11945,Occidente
2013,México,2350,9790,Centro
2013,Puebla,511,9047,Centro
2013,Veracruz,228,6691,Centro
2013,Nayarit,100,5478,Occidente
2013,Hidalgo,445,5238,Centro
2013,Campeche,18,4606,Sureste
2013,Sinaloa,47,4415,Noroeste
2013,Tabasco,23,4339,Sureste
2013,Morelos,152,4287,Centro
2013,Zacatecas,60,4030,Occidente
2013,Guanajuato,25,3877,Occidente
2013,Ciudad de México,1159,2780,Centro
2013,Yucatán,46,2598,Sureste
2013,Tamaulipas,26,2498,Noreste
2013,Colima,65,2388,Occidente
2013,Querétaro,91,1231,Centro
2013,Tlaxcala,296,1147,Centro
2013,Aguascalientes,42,902,Occidente
2013,Nuevo León,30,583,Noreste
2013,Coahuila,20,164,Noreste
2014,Sonora,35,49781,Noroeste
2014,Chihuahua,818,17601,Norte
2014,Baja California,102,15639,Noroeste
2014,Oaxaca,243,11071,Centro
2014,Durango,199,8434,Norte
2014,Jalisco,442,7706,Occidente
2014,Guerrero,81,7301,Centro
2014,Baja California Sur,24,6435,Noroeste
2014,Michoacán,487,4729,Occidente
2014,Tabasco,8,4659,Sureste
2014,Puebla,335,3745,Centro
2014,Coahuila,55,2485,Noreste
2014,Chiapas,179,2261,Sureste
2014,México,876,2172,Centro
2014,Campeche,5,1876,Sureste
2014,Quintana Roo,40,1409,Sureste
2014,Veracruz,181,1276,Centro
2014,Yucatán,9,984,Sureste
2014,Morelos,108,931,Centro
2014,Ciudad de México,584,882,Centro
2014,Aguascalientes,33,810,Occidente
2014,Hidalgo,116,558,Centro
2014,Zacatecas,33,512,Occidente
2014,Guanajuato,15,399,Occidente
2014,Tlaxcala,185,366,Centro
2014,Nayarit,36,357,Occidente
2014,Sinaloa,26,347,Noroeste
2014,San Luis Potosí,13,298,Occidente
2014,Colima,17,172,Occidente
2014,Nuevo León,13,154,Noreste
2014,Querétaro,16,124,Centro
2014,Tamaulipas,11,65,Noreste
2015,Baja California,95,18589,Noroeste
2015,Oaxaca,263,11176,Centro
2015,Yucatán,34,8646,Sureste
2015,Jalisco,364,8019,Occidente
2015,Campeche,28,6530,Sureste
2015,Quintana Roo,81,5572,Sureste
2015,Guerrero,147,5487,Centro
2015,Chiapas,320,5105,Sureste
2015,Puebla,156,2118,Centro
2015,Chihuahua,252,1974,Norte
2015,Sonora,31,1960,Noroeste
2015,Baja California Sur,37,1941,Noroeste
2015,México,519,1387,Centro
2015,Michoacán,225,1366,Occidente
2015,Veracruz,130,1156,Centro
2015,Ciudad de México,502,788,Centro
2015,Zacatecas,42,779,Occidente
2015,Coahuila,32,725,Noreste
2015,Tabasco,26,696,Sureste
2015,Guanajuato,9,677,Occidente
2015,Durango,68,659,Norte
2015,Aguascalientes,28,609,Occidente
2015,Sinaloa,16,502,Noroeste
2015,Nayarit,57,453,Occidente
2015,Morelos,106,385,Centro
2015,San Luis Potosí,18,379,Occidente
2015,Tlaxcala,157,267,Centro
2015,Tamaulipas,5,228,Noreste
2015,Colima,11,116,Occidente
2015,Hidalgo,30,113,Centro
2015,Nuevo León,13,81,Noreste
2015,Querétaro,7,58,Centro
2016,Jalisco,991,68265,Occidente
2016,Sonora,77,39271,Noroeste
2016,Oaxaca,278,21288,Centro
2016,Michoacán,826,18098,Occidente
2016,Chihuahua,702,13418,Norte
2016,Guerrero,136,11184,Centro
2016,Durango,254,9908,Norte
2016,Chiapas,417,9908,Sureste
2016,Puebla,456,9174,Centro
2016,Yucatán,155,7021,Sureste
2016,Zacatecas,130,6887,Occidente
2016,Colima,81,6120,Occidente
2016,México,1483,5935,Centro
2016,Baja California,132,5728,Noroeste
2016,Campeche,21,5177,Sureste
2016,Coahuila,101,4137,Noreste
2016,Hidalgo,384,3206,Centro
2016,Tabasco,23,3049,Sureste
2016,Veracruz,183,3013,Centro
2016,San Luis Potosí,86,2989,Occidente
2016,Nayarit,105,2740,Occidente
2016,Aguascalientes,104,2672,Occidente
2016,Guanajuato,46,2380,Occidente
2016,Quintana Roo,41,2301,Sureste
2016,Sinaloa,30,1557,Noroeste
2016,Tlaxcala,402,1498,Centro
2016,Morelos,198,1476,Centro
2016,Querétaro,40,1413,Centro
2016,Nuevo León,54,1196,Noreste
2016,Ciudad de México,458,844,Centro
2016,Tamaulipas,13,641,Noreste
2016,Baja California Sur,15,284,Noroeste
2017,Jalisco,759,189815,Occidente
2017,Sonora,76,104324,Noroeste
2017,Chihuahua,808,87230,Norte
2017,Baja California,193,50949,Noroeste
2017,Oaxaca,268,42080,Centro
2017,Durango,509,41009,Norte
2017,Nayarit,110,32293,Occidente
2017,Guerrero,248,24068,Centro
2017,Zacatecas,129,16315,Occidente
2017,Michoacán,808,14490,Occidente
2017,Campeche,29,13818,Sureste
2017,Chiapas,390,13002,Sureste
2017,México,1450,11743,Centro
2017,Yucatán,103,11008,Sureste
2017,Puebla,519,10787,Centro
2017,Coahuila,154,10290,Noreste
2017,Quintana Roo,64,9631,Sureste
2017,Guanajuato,54,7665,Occidente
2017,Aguascalientes,79,4735,Occidente
2017,San Luis Potosí,84,4378,Occidente
2017,Morelos,228,3406,Centro
2017,Sinaloa,46,3354,Noroeste
2017,Veracruz,238,3220,Centro
2017,Hidalgo,303,2959,Centro
2017,Tamaulipas,17,2670,Noreste
2017,Querétaro,36,2557,Centro
2017,Tlaxcala,376,2395,Centro
2017,Ciudad de México,653,2345,Centro
2017,Colima,84,2030,Occidente
2017,Tabasco,20,986,Sureste
2017,Nuevo León,47,734,Noreste
2017,Baja California Sur,14,77,Noroeste
2018,Chihuahua,778,160927,Norte
2018,Sonora,61,51875,Noroeste
2018,Jalisco,526,44403,Occidente
2018,Durango,325,38293,Norte
2018,Guerrero,294,22077,Centro
2018,Oaxaca,174,19642,Centro
2018,Baja California,78,17999,Noroeste
2018,Nayarit,83,17996,Occidente
2018,Coahuila,86,14129,Noreste
2018,Michoacán,621,12676,Occidente
2018,Zacatecas,91,12281,Occidente
2018,Chiapas,347,11756,Sureste
2018,Sinaloa,54,10121,Noroeste
2018,México,1380,7812,Centro
2018,Quintana Roo,50,6855,Sureste
2018,Puebla,371,5297,Centro
2018,Tabasco,45,4352,Sureste
2018,Tamaulipas,19,4339,Noreste
2018,Guanajuato,50,3747,Occidente
2018,Nuevo León,44,3511,Noreste
2018,Campeche,3,3150,Sureste
2018,Ciudad de México,590,2342,Centro
2018,San Luis Potosí,56,2195,Occidente
2018,Yucatán,46,1851,Sureste
2018,Tlaxcala,266,1767,Centro
2018,Morelos,148,1607,Centro
2018,Hidalgo,101,1468,Centro
2018,Colima,54,1279,Occidente
2018,Veracruz,144,1251,Centro
2018,Aguascalientes,46,925,Occidente
2018,Querétaro,36,228,Centro
2018,Baja California Sur,3,11,Noroeste
2019,Jalisco,587,72268,Occidente
2019,Oaxaca,253,68624,Centro
2019,Durango,252,64670,Norte
2019,Nayarit,69,49568,Occidente
2019,Guerrero,268,43633,Centro
2019,Chihuahua,702,41639,Norte
2019,Baja California,102,38518,Noroeste
2019,Chiapas,454,31197,Sureste
2019,Sonora,63,24373,Noroeste
2019,San Luis Potosí,65,23932,Occidente
2019,Guanajuato,34,19174,Occidente
2019,Puebla,353,18727,Centro
2019,Campeche,15,14647,Sureste
2019,Michoacán,722,14353,Occidente
2019,México,1475,13498,Centro
2019,Quintana Roo,59,12795,Sureste
2019,Veracruz,230,11841,Centro
2019,Zacatecas,96,9709,Occidente
2019,Sinaloa,17,7850,Noroeste
2019,Coahuila,68,6847,Noreste
2019,Tamaulipas,32,6221,Noreste
2019,Tabasco,50,5844,Sureste
2019,Yucatán,22,5691,Sureste
2019,Colima,55,5279,Occidente
2019,Aguascalientes,85,4943,Occidente
2019,Querétaro,73,4877,Centro
2019,Morelos,178,3618,Centro
2019,Tlaxcala,303,3340,Centro
2019,Ciudad de México,544,3242,Centro
2019,Hidalgo,139,1732,Centro
2019,Nuevo León,42,946,Noreste
2019,Baja California Sur,3,78,Noroeste
2020,Baja California,141,79299,Noroeste
2020,Guerrero,255,49413,Centro
2020,Quintana Roo,68,41678,Sureste
2020,Jalisco,630,29677,Occidente
2020,Oaxaca,199,20693,Centro
2020,Michoacán,613,19767,Occidente
2020,Chiapas,319,17927,Sureste
2020,Durango,245,12901,Norte
2020,Nayarit,70,11740,Occidente
2020,Campeche,21,10946,Sureste
2020,Sonora,39,10819,Noroeste
2020,Puebla,268,10634,Centro
2020,México,1096,10095,Centro
2020,Yucatán,26,10015,Sureste
2020,Chihuahua,430,8910,Norte
2020,Coahuila,76,5284,Noreste
2020,Zacatecas,44,4945,Occidente
2020,Colima,33,3500,Occidente
2020,Veracruz,120,3253,Centro
2020,Tlaxcala,181,2436,Centro
2020,San Luis Potosí,67,2398,Occidente
2020,Hidalgo,75,2065,Centro
2020,Morelos,116,1908,Centro
2020,Ciudad de México,590,1806,Centro
2020,Sinaloa,23,1543,Noroeste
2020,Nuevo León,44,1520,Noreste
2020,Tabasco,27,1458,Sureste
2020,Guanajuato,24,903,Occidente
2020,Aguascalientes,18,522,Occidente
2020,Querétaro,38,488,Centro
2020,Tamaulipas,13,357,Noreste
2020,Baja California Sur,4,30,Noroeste
2021,Aguascalientes,37,1416,Occidente
2021,Baja California,79,19501,Noroeste
2021,Baja California Sur,5,10,Noroeste
2021,Campeche,5,2029,Sureste
2021,Chiapas,278,47682,Sureste
2021,Chihuahua,657,89525,Norte
2021,Ciudad de México,896,4146,Centro
2021,Coahuila,53,7553,Noreste
2021,Colima,38,2357,Occidente
2021,Durango,270,75925,Norte
2021,Guanajuato,25,3886,Occidente
2021,Guerrero,198,82323,Centro
2021,Hidalgo,70,1348,Centro
2021,Jalisco,1031,76490,Occidente
2021,México,1494,17580,Centro
2021,Michoacán,636,34107,Occidente
2021,Morelos,154,5015,Centro
2021,Nayarit,103,36843,Occidente
2021,Nuevo León,51,32794,Noreste
2021,Oaxaca,151,31749,Centro
2021,Puebla,313,8002,Centro
2021,Querétaro,51,2165,Centro
2021,Quintana Roo,33,1879,Sureste
2021,San Luis Potosí,78,11322,Occidente
2021,Sinaloa,23,2785,Noroeste
2021,Sonora,31,20186,Noroeste
2021,Tabasco,12,12608,Sureste
2021,Tamaulipas,25,13433,Noreste
2021,Tlaxcala,275,2259,Centro
2021,Veracruz,158,2694,Centro
2021,Yucatán,15,892,Sureste
2021,Zacatecas,92,10230,Occidente
2022,Aguascalientes,53,2637,Occidente
2022,Baja California,54,7095,Noroeste
2022,Baja California Sur,6,91,Noroeste
2022,Campeche,15,17897,Sureste
2022,Chiapas,373,70487,Sureste
2022,Chihuahua,482,78661,Norte
2022,Ciudad de México,721,1944,Centro
2022,Coahuila,91,22896,Noreste
2022,Colima,49,2831,Occidente
2022,Durango,269,86124,Norte
2022,Guanajuato,43,2647,Occidente
2022,Guerrero,245,108597,Centro
2022,Hidalgo,157,1332,Centro
2022,Jalisco,935,82722,Occidente
2022,México,1046,9467,Centro
2022,Michoacán,566,24043,Occidente
2022,Morelos,210,1722,Centro
2022,Nayarit,98,50424,Occidente
2022,Nuevo León,49,11987,Noreste
2022,Oaxaca,163,37236,Centro
2022,Puebla,320,5686,Centro
2022,Querétaro,26,450,Centro
2022,Quintana Roo,44,8245,Sureste
2022,San Luis Potosí,87,9594,Occidente
2022,Sinaloa,31,7616,Noroeste
2022,Sonora,56,33697,Noroeste
2022,Tabasco,18,5693,Sureste
2022,Tamaulipas,30,28277,Noreste
2022,Tlaxcala,126,578,Centro
2022,Veracruz,269,2305,Centro
2022,Yucatán,36,1289,Sureste
2022,Zacatecas,87,15356,Occidente
